id,first_name,last_name,image,gender,ip_address
1,Robb,Alderton,"data:image/png;base64,iVBORw0KGgoAAAANSUhEUgAAABAAAAAQCAYAAAAf8/9hAAAABGdBTUEAAK/INwWK6QAAABl0RVh0U29mdHdhcmUAQWRvYmUgSW1hZ2VSZWFkeXHJZTwAAAKjSURBVDjLjZJbSNNhGMZXF912FZEVpOaVFFSCmhe2/iNqhYVsmo1tDXUiJjNnrC0RMxVFxTm3ecJDeSrblorpSFAJzxptOrfFzJnuUJDplG2ZrqchtaSGePFcffx+vN/zviQApL2STQvgzFaFOCytx7HQFLjVyAuqjwkPOvTnfU+YRz1BmJsDPda2Y9idmrRg8b4E9ewjEqsqDDZ1MlzjZbApo2BtPwldVfDqvgRy2uEyu0YNx4gcW5qn2BiVw/K+F4NPzpn3JYilxnH1LZk/17UKeAwqOHWdsA9JkMe6pPQr4JJDODLOZYeESYb8LrGVGn9mWiJI+2FX8rHc9RiWrmQYW2/D1FUATf0VaGWhLB/MjjpNyDgUj5hBxu40lPNQWZOPF01M2AcEWJvpATasWJ1RYLT06hefoDz+/HBt6i2ochOhb8tGK58OCZNAdQoFr8dY+DqXg83lbu8XSuCaVWF7cRiahuRtn0AaH/zSNNj+X2Hqkkis6LLhcQ3D9fEeVibTYWhOxGQdEyZZzN6FWfoz8W1WCI97DM55NtxLDKzrRZiroyCjPA62uht/BQcvVAilwnRfYYZnDNinBL9hFtyf7sChewS9nACn8KLtATc3d6ExgbEDH4h6nhTLf7cx9Bko7FBCLBNC15flHfst3OZEfF9iYs07iUlGuIylEad2b44USK2m03k9zm6DB/l6QNTSjrleEbR9Ylgm6HCaGVjRPIRWTHEZyyKC/r0V0kx+2Pa0ohL8V3aw1UBHMQGsL8JYS8OAKAAj1dcwUEDGvJQKf8dGMldE2xQF95GQMw7uGyCPexabY1JsTlRgwgu2cUNQnCXYKcyv4ENzSmRvXqwonN7SGZYxBVr0URSyQ9FfdB0NRUmIuFm1XJmVtFOYP8EvH33H/9EvkWcAAAAASUVORK5CYII=",Male,5.80.24.165
2,Adams,Brettle,"data:image/png;base64,iVBORw0KGgoAAAANSUhEUgAAABAAAAAQCAYAAAAf8/9hAAAABGdBTUEAAK/INwWK6QAAABl0RVh0U29mdHdhcmUAQWRvYmUgSW1hZ2VSZWFkeXHJZTwAAAH0SURBVDjLxdPPS9tgGAfwgH/ATmPD0w5jMFa3IXOMFImsOKnbmCUTacW1WZM2Mf1ho6OBrohkIdJfWm9aLKhM6GF4Lz3No/+AMC/PYQXBXL1+95oxh1jGhsgOX/LywvN5n/fN+3IAuKuEuzagVFoO27b1/Z+BcrnUx4otx7FPLWsJvYpIM2SS9H4PqNWqfK1W8VKplHlW/G1zs4G9vS9YXPx4CaDkXOFES4Om4gceUK2WsbZWR72+gtXVFezsbKHVamF7ewtm/sMFgBJZhd6pvm4kDndaAo2KOmt5Gfv7X9HpdNBut9FsNmFZFgPrMHKZc4DkjHyi6KC3MZNehTOuGAH5Xx5ybK/Y3f0Mx3Fg2zaKxSIMw2DjT0inNQ84nogcUUQJHIfZquNT3hzx46DBALizg2o01qEoCqLRKERRRDAYhKYlWRK/AJdCMwH2BY28+Qk8fg667wdXKJjY2FiHaeaRzWYQCk1AEASGzSCZjP/ewtik5r6eBD0dM+nRSMb1j4LuPDnkFhZymJ/PsmLdazmV0jxEkqKsK+niIQ69mKUBwdd9OAx3SADdHtC53FyK12dVXlVlPpF4zytK7OgMyucNyHLs8m+8+2zJHRwG3fId9LxIbNU+OR6zWU57AR5y84FKN+71//EqM2iapfv/HtPf5gcdtKR8VW88PgAAAABJRU5ErkJggg==",Male,166.195.242.254
3,Zachary,Hayhurst,"data:image/png;base64,iVBORw0KGgoAAAANSUhEUgAAABAAAAAQCAYAAAAf8/9hAAAABGdBTUEAAK/INwWK6QAAABl0RVh0U29mdHdhcmUAQWRvYmUgSW1hZ2VSZWFkeXHJZTwAAAFiSURBVBgZpcEhbpRRGIXh99x7IU0asGBJWEIdCLaAqcFiCArFCkjA0KRJF0EF26kkFbVVdEj6/985zJ0wBjfp8ygJD6G3n358fP3m5NvtJscJYBObchEHx6QKJ6SKsnn6eLm7urr5/PP76cU4eXVy/ujouD074hDHd5s6By7GZknb3P7mUH+WNLZGKnx595JDvf96zTQSM92vRYA4lMEEO5RNraHWUDH3FV48f0K5mAYJk5pQQpqIgixaE1JDKtRDd2OsYfJaTKNcTA2IBIIesMAOPdDUGYJSqGYml5lGHHYkSGhAJBBIkAoWREAT3Z3JLqZhF3uS2EloQCQ8xLBxoAEWO7aZxros7EgISIIkwlZCY6s1OlAJTWFal5VppMzUgbAlQcIkiT0DXSI2U2ymYZs9AWJL4n+df3pncsI0bn5dX344W05dhctUFbapZcE2ToiLVHBMbGymS7aUhIdoPNBf7Jjw/gQ77u4AAAAASUVORK5CYII=",Male,159.200.56.45
4,Noella,Renneke,"data:image/png;base64,iVBORw0KGgoAAAANSUhEUgAAABAAAAAQCAQAAAC1+jfqAAAABGdBTUEAAK/INwWK6QAAABl0RVh0U29mdHdhcmUAQWRvYmUgSW1hZ2VSZWFkeXHJZTwAAAFFSURBVCjPhZG/K8RxHMZfdy5OnEEMhhuMJCMldVl0JcOV7Bb2K/+CRakbTOdOsSjWK2WRZMDiR1eK7sJEuYsv98P3/XkM93Uj72d51+vp6aknJP6+yO+z3U/azTGsDt2rQGb5NQBCiHxqz3tUU5LUUFm73uZCi7Rw4lQ1OdVVVUUfaupLa5pJChESud5YcT4e4RPD4TDEDfs8lNz4iRcG0pPxKB7WVp4VYgwMaxXC4JJD1PHb2ibLN7f0oSSEQROdfGL4GEaOLN84rojiJiACAgwfhyPPFsIwhCFaCed1ujB8cmTbSSN4cA5hsMNnuvHJs4UFPYxRqthhK2Hj7KlBkWyADJ9FKryUtA4hAZnE23GZHq65I0KcMTxe8WYvjgIDTKe0M9gboxOjwTsvnpYuD6BtgKl+pZmzUdUoUVDmMhgr9N/cP2kRvjgCZVaBAAAAAElFTkSuQmCC",Female,94.176.58.156
5,Kelsy,Goodbur,"data:image/png;base64,iVBORw0KGgoAAAANSUhEUgAAABAAAAAQCAYAAAAf8/9hAAAABGdBTUEAAK/INwWK6QAAABl0RVh0U29mdHdhcmUAQWRvYmUgSW1hZ2VSZWFkeXHJZTwAAAIfSURBVDjLpZNNSJRRFIafc79v+r7RUKFGMrLRQgqqVUQWbYogaB8VGURQltDC2gS5iDA3UYugWha5iqBF4CIr6JegRUQSTEQ/JIo/pIw/83/vaTHjmDpF0Mu9i3N578v73nOuqCr/Ax+grev+VVuQIxMpG85kK7DcwjIaQE2U2w+uHOz0AayTtu72rbH6WExEfBTQ8j1BFVTnasUWchy/9OgYUBSYmLFBbGVMOq71srqxjsBzWA3A1GKE4jaCZ4QfiQEud54ib0XKEVJZMManZX0Tm1t34RkPVQvigwhGBBGDMYaIZ3Bu0RvMxQyCkDC6vOj3L9ByyEUC+VyGfCYNIqg6nFqcMwigqnhiKeRSqLqlDlRhPDnMz7EkeVfAqWUqO0rOrkFKnPpgkvRsEtRUFhgZrSIymJk/0BiqmTJ5kiiDg7p0DlyJb7xlGC+omLslcZfGgTtExr6S+HyBVrMzgAMLHfwJLYletk32sfHoSYLmTaQ/9FP98kn4eG/kjA+gziHA2PePFQW2v73OhtPnCL88gxfdVNXWsS4e590nLQ6SlJpzo6erXP2OoeeHCVc1w/6z89kvNuA5afIBaqIm6QqZ2oYqKbawJFhajMQaSL3vo/phB9n0CClgesrDegz7ANWBuXei5+mOVF63OLc0wp7o7jB88yqIr4jiexGmxwt8GzWquJvyr9/59aG152cnhts9K3Hr6ZDCrX39hZ5fKo7iczfDI18AAAAASUVORK5CYII=",Female,69.149.221.216
6,Elli,Mattersey,"data:image/png;base64,iVBORw0KGgoAAAANSUhEUgAAABAAAAAQCAYAAAAf8/9hAAAABGdBTUEAAK/INwWK6QAAABl0RVh0U29mdHdhcmUAQWRvYmUgSW1hZ2VSZWFkeXHJZTwAAAHtSURBVDjLpVPJqiJBEHwf1f/UH+DydBTtLxBRUAS9eFH04MGTINIHUQQRt3I5eHBfW20XFBVzKgq75TGPNwxTEFSTXREZmVn1QUQf/4M/Av1+X+r1ekq321U7nY7GGNNarZbabDaVer0u/SjAyTIns/V6TefzmR6Ph8DpdKLFYkG1Wo1Vq1X5W4EXWb9er4SF/XA4kK7rdLlcRAyilUpFL5fL8heBl21mkHe7HW23W1ouV7Tf72mz2RBcGSKqqrJCoSCZArxexThgkEejMbndbrLb7S+xpQDWYDCgbDarmAK8WSqUYVXTNJrNZoJos9nJ6fzFd5uIow/oBwTT6bRqCrTbbQ3Ngl0c/Px0CDKIgMPhJKvVKsqAi9vtRolEQjMF+JiEAOzj0Gq1Mi0jKxxNp1MBw0U8Hn8LNBoNFR1HGSAhKzICFotFwOVy0WQyEZMZDocUi8XeJfD5Kvj5fD5FBq/XS4qikMfjMXfERqMR3e93KpVKFIlE3k3kc5WKxSJDD7AMuxAdj8eCiKxIgG9OZhzSl4uUz+flXC6nY+Y4eDwehZv5fC4uEzJDhBP1YDAof3uVM5mMnEqlGC9JNA49Qc2YO788xInM7/fLPz6mZDIpRaNRJRwOq6FQSAsEAhonqT6fT+Hf0l9f47/iN5+1McdPrPQwAAAAAElFTkSuQmCC",Female,17.228.154.244
7,Hillard,Chinge,"data:image/png;base64,iVBORw0KGgoAAAANSUhEUgAAABAAAAAQCAYAAAAf8/9hAAAABGdBTUEAAK/INwWK6QAAABl0RVh0U29mdHdhcmUAQWRvYmUgSW1hZ2VSZWFkeXHJZTwAAAI6SURBVDjLpZJbaJJxGMaHgdcFXURdBLtZrGitiFh0uhjRVRTVWI1as7mQakhjyyEkRAcaHSCrj0xrWGuuoVsr25qzfeYObh6yJJdzavoZs3Sy8PhJ8vR9EoHkotXFA/+b3+//vC9vEYCi/8mvh8H7nTM8kyF0LpoacCazLxzxbM/bb1S3OUo8GQtz/iggGfi1O0NaAzS8kQwCURqBORrTX9LQf5jHQ3KWlA1RnAUFeneGsATSoKIZOGdTsAWSMPuTsFNJeL7SEOoF4GtrUKuuShUUvJpKUd4wnYMtDDj5KQGTN4FRTyInOvH8MDonL6BKuRcFBey8fqYyC0/4Ehhn4JGZOBp1AtT1VkOkrYfMKIKgsxq7b+zErssV0TyBxjaf9UVomBh4jPnVyMCG6ThbGfKRVtwebsK1wdO4+JIPce8xbBGXI0+gMkWoqZ/137jjIBlY/zEGnqoO+2R7wGvfj/N9x3FAWonNojKUCUtTeQKlMUT02+fgCqVzs7OwzhnLyd4HU2xlCLsOYlPz+sI7uK8Pcu4O+EnNRAhWfwKOzym8Y2LyxCAf9GGHZDvKm9Zha2NptudcRUnBQ7rZ5+G0aVzEpS4nJelwZMXt9myL3Bpskyq9FmUzQuZu2B63QCXcEH50ak3Jb4KF0i+p5D5r3aYeJeoRNCgwfq8BCv7q8F8L2Dw9u5HbcWateuj6IXi0V0HUrsCiBGweNBRzZbxVasXJYkhrll1ZtIDNnaPLl9w6snRlwSX+a34AgPPwSZzC+6wAAAAASUVORK5CYII=",Male,244.92.223.1
8,Reggy,Branca,"data:image/png;base64,iVBORw0KGgoAAAANSUhEUgAAABAAAAAQCAQAAAC1+jfqAAAABGdBTUEAAK/INwWK6QAAABl0RVh0U29mdHdhcmUAQWRvYmUgSW1hZ2VSZWFkeXHJZTwAAADNSURBVCjPhZBNCsIwFIQnWvAGunHhSrBbQT2Op3EvCJ7JCxTcuhB0YytaW9N0fElbbIs/GZI8eF+GzFPE79X504dXXEq1GyytFYYYoPvh6RkH5raYJqE2GZtKuFljhI61mWlz55URY95FES88CXIsEQEs/xCl7rwx5FmAWKqtIEqAncEe2gWiyOCJRZVh7hVZ/erv0rYKkSNDv4qpELzjSTt3e1yfg1+fgAMMWAeCxghyB02+ORRf5W8HC/mfHdi61XJ162WoS7utXc30BXX/jFnkwiD5AAAAAElFTkSuQmCC",Male,221.141.123.156
9,Myrilla,Courtin,"data:image/png;base64,iVBORw0KGgoAAAANSUhEUgAAABAAAAAQCAYAAAAf8/9hAAAABGdBTUEAAK/INwWK6QAAABl0RVh0U29mdHdhcmUAQWRvYmUgSW1hZ2VSZWFkeXHJZTwAAALZSURBVBgZBcFLaJxVHMbh3znfmVsmmaRJehlQUqE1EQu1xKAuxForgmahFhXsxoXgokZwISKIIEJ3guii3bkQstCFuHAhrWBttRZsiaIlaFNtICbmOqbNfDPznfN/fR4nCYAn3/v+lVqjctI7JoEq4ABwgBzIiGYLrQ1967a33rp4ZroH4CQB8PTpHy5+NjN5n/duSJAhAACQAMTanYLZn1usLHbb13+bH750ZrobAAB85sbLIRv6fZXMOwcOZJBkxCjyInH04AAP3Ru4Ymt9somtx17/elcAADg0utDoLZzNxoqIkrBkKCUsFkSrszhyGqjRbJSZnmpyrrxSu7lc/zQAbMwdyyb3TIVKfS99pd2oiKiIpF5OvjXP8uCLWGU3y5s5Y/0ZlVJg/yMjXPjp7xc8gJLd/fDotaxUG8N2ruN8HUuRTusP1hsv0x1+hnIWuLHhuLIY+e7PNpVShgs+hvWrR8tK9urgyDiQYfkKhC5bi+fo7JvB9jxPKIQyD2Xw5jDLEB6cJ1hKRxTttcrAQRRzyJpQFJgFXHuR8l8fUSpyCgZo730WV24iLwyQICjaJ9WRB0fzjXksGuW+A2CB4ebj5Bu/kIoe2//MoYkPCNVdCIdwJINk4C2mz3eWLn/4xdVG7PoDrN/4htjdoei06LXX+c/dQ3z0PIy9hMvqBO/IvKNacqQonCQAnnj/x3x2ZqLavnCcav9+brdWKcbeQHedwATJwIBkQg4ONz3H373UCQAAFkU+9yalyjCXN5t8WT9LvjYI/0bkBIAEBgDM7itRdI0AAHB/fc6n7Vt8VXuHoQee4pggCZIDEwiQQIJfVyMyUXQiAQBg7c6g+cMfa/7WIaelhDkhHAAmcAgTyDu8OUJwFpPFAACwsNlc7h8ZH3270atL8ggMABisBQAkqJUczmGlzN1O0ZacJACmTp0/FQs955w7ItQHAIBAgBAACICOmV3zMPs/Y958nDUklyMAAAAASUVORK5CYII=",Female,227.188.54.95
10,Ario,Heisler,"data:image/png;base64,iVBORw0KGgoAAAANSUhEUgAAABAAAAAQCAYAAAAf8/9hAAAABGdBTUEAAK/INwWK6QAAABl0RVh0U29mdHdhcmUAQWRvYmUgSW1hZ2VSZWFkeXHJZTwAAAK/SURBVDjLbZNdSFNhGMf/52xunTldrM2JaeomlZnTalJQOSmyLithSRBFH0ReJX3QlVfhTeWFUJFQCHVTV9WFVCCUaZaYpIb4kc1mmihOp5vO97znnJ4jFqI78Lt5n/P/ned9n/MK1dXV31VVzSYm6+vrPUjwVFRU9Mmy7OGc/2xqaspfXTNSME9RlKfExcrKSi2RgMI6dcSxtTUjBc3ESbLLzgt1fINoBuMamApcct5HlhU4c7XdSGE/sWOtQKRgD/GQGOxIapBiUkQSLQ5JkxxSEF7JJk1IjLEfRCPRva4DCqYSfoLbkr7hY6wTPsM9iMo2vA2fQPdsIRg7x+nrpwhbIoFMBKlY6DIDJZusmGVViC54EY6UY3Deqe9fJfR3XOsEtMhWBAVHXR6YBAs4chGzTQEZz6AKMh4zhhXB7rUCIRAIhKgQdrlcRTMzM4mGgN7e3kX/DauZQxaZyi2N53sWV3cwR7wKBoN8e83rPZLBBKbQ6GgKAecbbLYaUF5W1b+kyjuz0/LFvrGuheMPciwvq0aWJUY6WRMJcglDR+wRiqUKmLUMiKOleDFC89c4DtxK3pVhz0N++l7Mx2Po/v05WnrXbmu5Ho7qgqQVgZBiHEZ7+A6Kkq/BqjIcKTgLRVOhqApUaBiPjKIwcz+ibFH8GvoQ8d4W7foWIsRz4orDbEKxfSNm4g2Ic7Yc/jU9RNvh4Cp1o8iYW5pHcdZBROUF8UuwdVrvoIjCp4kcf1qmloQUyBYDWnhc4AqHK3ULhZVl2Z9ICHZrOrpG29A23DrFOMoFn8/HKHzZZDI9cbvd/0+elXUgTuNjtBW9G4+jAPvc5egMfULz4LsJCh8er9X6BK/X208CN9EzNDTkSzRGSZIG3DeXtpZ4DuH9YPMY3RM9PLD8H2hawgu47nHXCDFFNVgWVcU9WasF/63/Ban+u4K8LTKZAAAAAElFTkSuQmCC",Male,112.91.69.122
